,AF,CF,MF,ctrl,max_s
0,False,False,False,False,0.1649747730349592
1,False,True,False,False,0.454400182445991
2,False,False,False,False,0.0405465861039928
3,True,True,False,False,1.4290440000960236
4,True,True,True,False,1.731662404772075
5,True,True,True,False,1.3916696502336572
6,False,False,False,False,0.0524135020959478
7,False,False,False,False,0.3164183365153457
8,False,False,False,False,-0.0558411760097507
9,False,False,False,False,0.1743993632784211
10,False,False,False,False,0.2216498132783588
11,False,True,True,False,0.8983163552630746
12,False,False,False,False,0.084143962735105
13,True,True,True,False,0.9597165506756224
14,True,True,False,False,1.1911568471615874
15,False,False,False,False,-0.0338216296740532
16,True,True,False,False,1.271485677394113
17,False,False,False,False,0.0877702273140823
18,False,False,False,False,0.2190565954638701
19,True,True,True,False,1.4635840398694222
20,False,False,False,False,0.1976439940771235
21,True,True,False,False,1.2792813470725617
22,True,True,True,False,0.9439291443337614
23,False,False,False,False,0.0767902007610721
24,False,False,False,False,0.2589372175854184
25,False,False,False,False,0.4302446819996318
26,True,True,False,False,0.8577134756398368
27,True,True,True,False,1.3927813135767608
28,False,False,False,False,-0.0259997529571315
29,True,True,True,False,1.3011923935759229
30,True,True,False,False,1.127791718085261
31,True,True,True,False,0.9722058623457548
32,False,False,False,False,0.0145054414693953
33,True,True,True,False,1.380482161134561
34,True,True,False,False,0.9426146847067904
35,True,True,True,False,0.7252246988998381
36,False,True,True,False,1.5725006572670792
37,False,False,False,False,0.3382152800544074
38,False,False,False,False,0.0694625675553868
39,True,True,False,False,1.198145135370403
40,False,True,True,False,0.7553231623524234
41,True,True,True,False,1.073935394898832
42,False,True,False,False,0.5115763679299017
43,True,False,False,False,0.8297301218153061
44,False,False,False,False,0.1969164435727344
45,True,True,False,False,0.8188810729296342
46,False,True,False,False,0.3082111522599576
47,True,True,True,False,1.5146068138101416
48,False,True,True,False,1.010392945788532
49,False,False,False,False,0.0297120439397127
50,True,True,False,False,0.7718857650702415
51,True,True,True,False,0.9994976374888992
52,False,True,False,False,1.463152073436973
53,False,True,False,False,1.472898810194636
54,True,True,True,False,1.066192991821478
55,False,True,False,False,0.595900969933401
56,True,True,True,False,1.182610756900797
57,False,False,False,False,0.237362984013739
58,False,False,False,False,0.0208318280024699
59,True,True,True,False,0.8999661958207993
60,False,False,False,False,0.1318532413936282
61,True,True,True,False,0.9538848484182124
62,True,True,True,False,1.4611663009087368
63,False,False,False,False,0.0028611730971498
64,False,False,False,False,0.0799482346755701
65,False,True,False,False,0.5944755498677026
66,False,True,False,False,0.3910510127452674
67,False,False,False,False,-0.0411689225987751
68,False,True,False,False,1.44754690618395
69,False,False,False,False,0.2188628284287202
70,False,True,False,False,0.3811561905387595
71,True,True,True,False,0.999138516713532
72,True,False,False,False,0.8751498148951977
73,False,False,False,False,-0.0178345640619172
74,True,False,False,False,0.6463738923641809
75,False,False,False,False,0.3424352840321198
76,True,False,False,False,0.7720871607374248
77,False,True,False,False,0.3082916553140396
78,False,False,False,False,0.2329738703308174
79,True,False,False,False,1.0612139124783728
80,True,False,False,False,0.9733889435643124
81,True,True,False,False,1.0073858089000316
82,False,True,False,False,0.4873450572383754
83,False,True,True,False,0.7159829543572116
84,True,True,False,False,0.5431313774410798
85,True,True,False,False,0.8174603641152125
86,False,False,False,False,0.0468325880001689
87,False,False,False,False,-0.0179396156217931
88,False,False,False,False,0.0499105413672839
89,False,True,True,False,0.8269255578299339
90,False,False,False,False,0.044008195923702
91,True,True,False,False,1.0327696795745542
92,False,False,False,False,-0.0080174486114246
93,False,False,False,False,0.1999746795021952
94,True,True,True,False,1.936057823146164
95,True,True,True,False,1.5440774573214957
96,True,True,False,False,1.2132699064699093
97,False,False,False,False,0.255550356835183
98,False,False,False,False,0.0394711588017555
99,False,True,False,False,0.6240991658827206
100,False,False,False,False,0.0152670762970812
101,False,True,True,False,0.8361281836585643
102,False,False,False,False,-0.0201376640196197
103,False,False,False,False,0.0066205732818324
104,False,False,False,False,0.2929706450248552
105,False,True,False,False,0.3137427853679043
106,False,False,False,False,0.0515297609412648
107,False,False,False,False,0.3632939681327684
108,False,True,True,False,0.6562298809132179
109,False,True,True,False,0.9089142246388882
110,False,False,False,False,0.2117068817586359
111,False,False,False,False,0.3651877984321653
112,False,False,False,False,0.0478120749223401
113,False,False,False,False,0.0682756785631638
114,False,False,False,False,-0.0147885279931716
115,False,False,False,False,-0.0591257855725479
116,False,False,False,False,0.2376617843893858
117,False,False,False,False,0.0075746859288699
118,True,True,True,False,0.9994976374888992
119,True,True,False,False,0.570145937475455
120,False,False,False,False,0.0180480898612175
121,False,False,False,False,0.1071984923164198
122,False,False,False,False,0.4222915700887957
123,True,False,False,False,0.8600753993557764
124,False,False,False,False,0.0189603496815417
125,False,False,False,False,0.0367989618960989
126,False,False,False,False,0.3369790449581169
127,False,False,False,False,0.0167429217005456
128,False,False,False,False,0.3514229574224248
129,True,False,False,False,0.5052330441680127
130,True,True,True,False,0.9994976374888992
131,True,False,False,False,1.0034682955995218
132,True,False,False,False,1.0390261924583597
133,False,False,False,False,0.1686576821037741
134,False,False,False,False,-0.0173978392317704
135,False,False,False,False,0.1152695043919326
136,False,False,False,False,0.3278597436751549
137,True,False,False,False,0.7170692638439559
138,False,False,False,False,0.061468871678349
139,True,True,True,False,1.1717280427818522
140,False,False,False,False,0.0864837585920822
141,False,False,False,False,0.0975322742554852
142,False,False,False,False,0.0059894884263287
143,False,False,False,False,0.0117229651436291
144,False,False,False,False,0.0229278458138708
145,False,True,False,False,0.3492425152843569
146,False,False,False,False,0.1161514182499782
147,True,True,False,False,0.5967743160732263
148,True,True,True,False,1.5092054963801962
149,True,True,True,False,1.901924169149406
150,False,False,False,False,0.099024395576452
151,False,True,False,False,0.4072517170879691
152,True,True,True,False,1.5966229207155451
153,True,True,False,False,1.3646171517251098
154,True,True,False,False,1.4519530120416264
155,False,False,False,False,0.0251226819931383
156,True,True,True,False,1.89981760515925
157,True,True,True,False,1.8291238386010733
158,True,True,True,False,0.8759268257807633
159,False,False,False,False,0.0606983198398014
160,True,True,False,False,0.8358659310946254
161,False,True,False,False,0.4222882066979861
162,False,False,False,False,0.2475283856436963
163,False,False,False,False,-0.0070993952092395
164,False,False,False,False,0.0128343972706915
165,False,True,False,False,0.7407568976140315
166,False,False,False,False,0.0118919467806988
167,False,True,False,False,0.465023968685842
168,True,True,False,False,0.849336816190969
169,True,True,True,False,1.256476713171115
170,False,False,False,False,0.2769002837946144
171,False,False,False,False,0.2076151809723962
172,False,True,False,False,0.3858802852172237
173,False,False,False,False,-0.0287558366529845
174,True,True,True,False,1.763024899257822
175,False,True,False,False,0.397236355320531
176,True,True,True,False,0.9952648962575548
177,True,True,True,False,1.8344205987804127
178,False,True,False,False,1.208349619560277
179,False,False,True,False,0.8672033270828543
180,True,True,True,False,1.731779755338761
181,False,True,True,False,0.6798693685908912
182,True,True,True,False,1.2248373251559292
183,False,True,False,False,0.6914977829750197
184,True,True,True,False,1.2419174289145791
185,False,False,False,False,0.0306638821663077
186,False,False,False,False,0.1330928033804462
187,False,False,False,False,0.3823214517638935
188,False,True,False,False,1.2052359243817894
189,False,False,False,False,0.0401191211300804
190,False,True,True,False,0.8817409727292511
191,False,True,True,False,0.7653488394469365
192,False,False,False,False,0.018351432372229
193,False,False,False,False,0.0030382241071661
194,False,True,True,False,0.5600938155126276
195,False,False,False,False,0.0061337676334292
