,alt_aa,aa_pos,median_s,cscore
0,*,690,0.1649747730349592,1.0
1,*,691,0.3164183365153457,1.0
2,*,692,0.0611691580002296,1.0
3,*,694,0.2337524614209025,1.0
4,*,695,0.9115216750202032,2.0
5,*,696,0.0589053214850432,1.0
6,*,697,0.8087629580311995,2.0
7,*,698,0.255550356835183,1.0
8,*,699,-0.0333404278780502,1.0
9,*,700,0.9115216750202032,2.0
10,A,690,0.4448422457716963,1.0
11,A,691,-0.05584117600975075,1.0
12,A,692,0.8019898015508473,2.0
13,A,693,-0.2941140185874424,1.0
14,A,694,-0.17233693509102568,1.0
15,A,695,-0.2212729045561045,1.0
16,A,696,0.181179677597204,1.0
17,A,697,-0.2301073206462398,1.0
18,A,698,-0.32281094432688934,1.0
19,A,699,-0.09583256452218825,1.0
20,A,700,0.30524298707448827,1.0
21,C,690,0.0366219181382521,1.0
22,C,691,-0.0476179642358001,1.0
23,C,692,0.0440535744772152,1.0
24,C,693,0.971198315644309,1.0
25,C,694,0.1262278999663884,1.0
26,C,695,-0.5182667696171219,1.0
27,C,696,0.999138516713532,2.0
28,C,697,0.144681844534104,1.0
29,C,698,-0.0275441997002806,1.0
30,C,699,-0.0962927728628827,1.0
31,D,691,-0.0541375012958442,1.0
32,D,692,0.869799936216261,2.0
33,D,693,-0.0348719478148207,1.0
34,D,694,0.0812369418923318,1.0
35,D,695,0.9722186523617165,2.0
36,D,696,0.0194347401918472,1.0
37,D,697,-0.1328932728597101,1.0
38,D,700,-0.1114229440851849,1.0
39,E,690,0.3051305231881768,1.0
40,E,691,0.0052007358600117,1.0
41,E,692,-0.0045908726862894,1.0
42,E,694,-0.0694243195124441,1.0
43,E,695,0.4707241599390633,1.0
44,E,696,-0.1900228394213182,1.0
45,E,697,-0.181970469612231,1.0
46,E,698,-0.0259740896112864,1.0
47,E,699,-0.1955898452648211,1.0
48,E,700,-0.1828585679033024,1.0
49,F,690,1.731662404772075,1.0
50,F,691,-0.0382456689086513,1.0
51,F,692,-0.0338216296740532,1.0
52,F,694,1.4540742491564784,1.0
53,F,695,1.182610756900797,1.0
54,F,696,0.0024397858112297,1.0
55,F,697,1.936057823146164,1.0
56,F,698,0.7309305277007125,2.0
57,F,699,-0.2163503025367016,1.0
58,F,700,-0.0192366991139296,1.0
59,G,691,-0.028755836652984597,1.0
60,G,692,-0.12046635075466494,1.0
61,G,693,0.6749255583135618,1.0
62,G,694,1.0103929457885321,2.0
63,G,695,-0.2954190770009387,1.0
64,G,696,-0.2073895035589694,1.0
65,G,697,0.4840299727784876,1.0
66,G,699,0.6562298809132179,1.0
67,G,700,0.14084413778940105,1.0
68,H,690,1.2857174948140606,1.0
69,H,692,0.0877702273140823,1.0
70,H,693,0.3130637531306225,1.0
71,H,694,-0.2559473846363356,1.0
72,H,695,-0.0215709093534806,1.0
73,H,696,-0.1433045847607156,1.0
74,H,697,0.1119476708098297,1.0
75,H,698,-0.0526100695005145,1.0
76,H,699,0.7543392525115935,1.0
77,I,690,0.0524135020959478,1.0
78,I,691,1.763024899257822,1.0
79,I,692,0.0603373348015983,1.0
80,I,693,0.6542502698927175,1.0
81,I,694,0.1147056524372729,1.0
82,I,695,0.8012974038186591,2.0
83,I,696,0.294178364920637,1.0
84,I,697,-0.0541375012958442,1.0
85,I,698,-0.0541375012958442,1.0
86,I,699,-0.0955046832155538,1.0
87,K,691,0.2540424137761533,1.0
88,K,692,1.0970861569713883,1.0
89,K,693,-0.0687384004024759,1.0
90,K,695,-0.3414688172162915,1.0
91,K,696,-0.2282713573122359,1.0
92,K,700,-0.3612943178633573,1.0
93,L,690,-0.0541375012958442,1.0
94,L,691,0.9952648962575548,1.0
95,L,692,0.0145168291081104,1.0
96,L,693,1.380482161134561,1.0
97,L,694,-0.0588348395528477,1.0
98,L,695,0.8602691081979836,1.0
99,L,696,0.1194030809816474,1.0
100,L,697,0.0530470941524701,1.0
101,L,698,-0.34153669561223465,1.0
102,L,699,0.3188582189890627,1.0
103,L,700,-0.0985172908063641,1.0
104,M,690,-0.106130909196785,1.0
105,M,691,1.8344205987804127,1.0
106,M,692,0.1377060051172669,1.0
107,M,693,-0.0147169674218723,1.0
108,M,694,-0.2522866263004865,1.0
109,M,695,1.4611663009087368,1.0
110,M,696,-0.2208480587912674,1.0
111,M,697,1.0078905295006375,2.0
112,M,698,1.1717280427818522,2.0
113,M,700,-0.1995392965993231,1.0
114,N,690,-0.083081991717807,1.0
115,N,691,-0.1211621151888123,1.0
116,N,693,0.6103148741047416,2.0
117,N,694,-0.0854709113973581,1.0
118,N,696,-0.1650184898596907,1.0
119,N,697,1.901924169149406,1.0
120,N,698,-0.0560843302011146,1.0
121,N,699,-0.2736796110465411,1.0
122,N,700,-0.0541375012958442,1.0
123,P,690,-0.2012186785309178,1.0
124,P,691,0.8672033270828543,1.0
125,P,692,0.8532423683730668,2.0
126,P,693,1.5725006572670792,1.0
127,P,695,-0.2206013574285926,1.0
128,P,696,0.36943338221221145,1.0
129,P,697,0.09902439557645204,1.0
130,P,698,-0.0708603279495063,1.0
131,P,699,-0.2341419636161553,1.0
132,P,700,0.03588612818694665,1.0
133,Q,690,0.7821830945229319,2.0
134,Q,691,1.731779755338761,1.0
135,Q,692,-0.4923328116273944,1.0
136,Q,693,-0.1920047044314679,1.0
137,Q,694,-0.3008365763431386,1.0
138,Q,695,-0.2272210106148429,1.0
139,Q,696,0.5990868606432598,2.0
140,Q,697,-0.0648429127062858,1.0
141,Q,699,-0.161911749347566,1.0
142,Q,700,-0.456886996315709,1.0
143,R,690,0.6554001503282005,2.0
144,R,691,0.6798693685908912,1.0
145,R,692,0.25893721758541843,1.0
146,R,693,0.0694625675553868,1.0
147,R,694,0.0412486792220777,1.0
148,R,695,0.1625737896424215,1.0
149,R,696,0.1280549532369344,1.0
150,R,697,1.5966229207155451,1.0
151,R,698,0.0059894884263287,1.0
152,R,699,-0.0591257855725479,1.0
153,R,700,0.9115216750202032,1.0
154,S,690,-0.1645569951995625,1.0
155,S,691,1.2248373251559292,1.0
156,S,692,-0.1510434966668181,1.0
157,S,693,-0.0825459068477827,1.0
158,S,694,-0.1438479197508331,1.0
159,S,695,-0.169100306735452,1.0
160,S,696,-0.05258704763685,1.0
161,S,697,-0.1468390484913263,1.0
162,S,698,-0.0260798193578127,1.0
163,S,699,-0.21881042917294896,1.0
164,S,700,-0.3136001207124745,1.0
165,T,690,-0.1443079810577471,1.0
166,T,691,-0.2318066945698074,1.0
167,T,692,-0.0541375012958442,1.0
168,T,693,0.7553231623524234,1.0
169,T,694,-0.1475926458533523,1.0
170,T,695,-0.3320761319563146,1.0
171,T,696,-0.19822974502411692,1.0
172,T,697,0.2633647373339245,1.0
173,T,698,-0.32863809601094407,1.0
174,T,699,-0.2945547439203495,1.0
175,T,700,-0.33824878786109924,1.0
176,V,690,0.5600938155126276,1.0
177,V,691,1.2419174289145793,1.0
178,V,692,0.46649701998828835,1.0
179,V,693,0.5895676407488598,1.0
180,V,694,-0.22692458347230104,1.0
181,V,695,-0.2665407671580056,1.0
182,V,696,-0.027551925516326556,1.0
183,V,697,-0.054685966185113205,1.0
184,V,698,-0.1333074246322245,1.0
185,V,699,-0.0143955699571389,1.0
186,V,700,-0.15947521070433565,1.0
187,W,691,-0.1137309769350538,1.0
188,W,692,0.9722186523617165,2.0
189,W,694,-0.10427701897195,1.0
190,W,695,-0.0541375012958442,1.0
191,W,696,-0.1710337464252459,1.0
192,W,697,1.89981760515925,1.0
193,W,699,-0.1328195720964423,1.0
194,W,700,-0.0845266654618692,1.0
195,Y,690,-0.1533404557581625,1.0
196,Y,691,-0.0880329320288815,1.0
197,Y,692,0.2769002837946144,1.0
198,Y,693,-0.1406773247137297,1.0
199,Y,694,0.465023968685842,1.0
200,Y,695,0.8695106407933697,1.0
201,Y,696,0.372745812498776,1.0
202,Y,697,1.8291238386010733,1.0
203,Y,698,-0.0865721604141867,1.0
204,Y,699,-0.1192974514577882,1.0
205,Y,700,-0.144606353275839,1.0
