,alt_aa,aa_pos,median_s
0,*,1372,-0.0991157230087874
1,*,1373,-0.034302845052455
2,*,1374,-0.4898234971369759
3,*,1375,0.0255279111413084
4,*,1376,-0.093174574758224
5,*,1377,-0.0135637128139926
6,*,1378,-0.0519941423470116
7,*,1379,-0.0484452807964072
8,A,1374,-0.018451515598118
9,A,1375,-0.050969910547856656
10,A,1376,-0.0570249447607537
11,C,1373,-0.1192278305589338
12,C,1374,-0.0279110748973928
13,C,1375,-0.0209500650448807
14,C,1376,-0.0197869440382524
15,C,1377,0.0248184169055914
16,C,1378,0.0046811180421376
17,C,1379,-0.1877232268819983
18,D,1372,-0.0086746861837879
19,D,1373,-0.1365989820296841
20,D,1374,0.0824826816022059
21,D,1377,-0.0188717453723367
22,D,1378,-0.0081592522880254
23,D,1379,-0.0319643731888283
24,E,1374,0.0006556061354891
25,E,1376,-0.0099539541752691
26,F,1372,0.0090069454778319
27,F,1373,-0.0233881390266599
28,F,1374,0.0349738758445145
29,F,1375,0.011946819225287
30,F,1376,0.0181469806002816
31,F,1377,-0.0080366712276114
32,F,1378,0.0248203709355886
33,F,1379,0.0190701114562472
34,G,1377,0.0167085515271449
35,G,1378,-0.0200627696750352
36,G,1379,-0.0006219010870715
37,H,1372,-0.058043426909819
38,H,1374,0.1369561181479698
39,H,1375,0.0033617700280609
40,H,1377,-0.2229376724823701
41,H,1378,-0.0357977943426038
42,H,1379,-0.0143710807797771
43,I,1373,0.0027937993343653
44,I,1374,-0.0297830634869805
45,I,1376,0.0006045398381208
46,I,1378,-0.008260381158821
47,I,1379,0.1624139190151721
48,K,1372,-0.4989581187598016
49,K,1373,-0.0038501668728651
50,K,1374,-0.0090758106914113
51,K,1375,-0.0778655767087302
52,K,1376,0.0271869601113573
53,K,1377,-0.0074332582074469
54,K,1379,-0.0453365684282085
55,L,1372,-0.010404851360896
56,L,1373,-0.015395751065868352
57,L,1374,-0.0022063092302265
58,L,1375,0.001454319592901
59,L,1376,-0.0256839463837088
60,L,1377,0.0107717469782808
61,L,1378,0.0061848492321863
62,L,1379,0.01049798843363415
63,M,1372,-0.0269892461183018
64,M,1373,0.0094748647769268
65,M,1374,0.0044271850422294
66,M,1375,-0.0041668432368337
67,M,1376,0.000874419462393
68,M,1378,0.0044955709799804
69,M,1379,0.0147115135170799
70,N,1372,-0.3510956476404664
71,N,1373,-0.0265602057380974
72,N,1375,-0.0932487845678236
73,N,1376,0.0345702798028742
74,N,1378,-0.0261278914938827
75,N,1379,-0.0244815977872925
76,P,1372,-0.01921146352793315
77,P,1373,-0.0038501668728651
78,P,1375,-0.0197902900893115
79,P,1376,-0.000608328629943
80,P,1377,-0.046435237682383154
81,P,1378,0.06729283236721674
82,P,1379,-0.0121166037581988
83,Q,1372,0.0019656625390765
84,Q,1374,0.0088272250343006
85,Q,1375,-0.0032818542393318
86,Q,1376,-0.0113844784899651
87,Q,1377,0.0177437424995587
88,Q,1378,0.1182032410901544
89,Q,1379,0.0016015232259968
90,R,1372,-0.0169492537248771
91,R,1373,0.0186215802214737
92,R,1374,0.0439791627979495
93,R,1375,-0.008804519533692351
94,R,1376,-0.011708088844210152
95,R,1377,0.0116184345080335
96,R,1378,-0.0069154157759389
97,R,1379,0.04132760912626235
98,S,1372,0.007887226071265251
99,S,1373,-0.014066178158196548
100,S,1374,-0.0431126541934837
101,S,1375,0.0010988083127237
102,S,1376,-0.0088172462977748
103,S,1377,-0.01185514735351725
104,S,1378,0.0277864856790996
105,S,1379,-0.0169065579715892
106,T,1372,-0.07946169816871615
107,T,1373,0.0826584255453618
108,T,1374,0.006229785484782502
109,T,1375,0.00941215874334235
110,T,1376,-0.0022737224186083
111,T,1377,0.0196358076353989
112,T,1378,-0.0086746861837879
113,V,1372,0.00854318822124505
114,V,1373,0.0033065869754571
115,V,1374,0.10328132627642596
116,V,1375,0.0474427953565999
117,V,1376,-0.0282835665494426
118,V,1377,0.1506548020083243
119,V,1378,0.0101171920712747
120,V,1379,0.00855008645927205
121,W,1372,-0.0401701588067555
122,W,1373,-0.0086746861837879
123,W,1374,-0.0155734043211254
124,W,1375,-0.0073054189706891
125,W,1376,0.001168604099139
126,W,1377,-0.007353788217572
127,W,1379,0.0071899382631
128,Y,1372,-0.0102857115159923
129,Y,1373,-0.0317431017891564
130,Y,1374,0.0674774121954883
131,Y,1375,-0.0081538462520325
132,Y,1376,0.0133236423199398
133,Y,1377,-0.0086746861837879
134,Y,1378,0.042038448544297
135,Y,1379,0.0026026622916511
