,seq_type,nt_seq,aa_pos,alt_codons,mutated_codon
0,WT,ttggatacctacttatggtacattattgtgaat,,,
1,single,tttgatacctacttatggtacattattgtgaat,0,ttt,1
2,single,cttgatacctacttatggtacattattgtgaat,0,ctt,1
3,single,ctggatacctacttatggtacattattgtgaat,0,ctg,1
4,single,attgatacctacttatggtacattattgtgaat,0,att,1
5,single,atggatacctacttatggtacattattgtgaat,0,atg,1
6,single,gttgatacctacttatggtacattattgtgaat,0,gtt,1
7,single,gtggatacctacttatggtacattattgtgaat,0,gtg,1
8,single,tctgatacctacttatggtacattattgtgaat,0,tct,1
9,single,tcggatacctacttatggtacattattgtgaat,0,tcg,1
10,single,cctgatacctacttatggtacattattgtgaat,0,cct,1
11,single,ccggatacctacttatggtacattattgtgaat,0,ccg,1
12,single,actgatacctacttatggtacattattgtgaat,0,act,1
13,single,acggatacctacttatggtacattattgtgaat,0,acg,1
14,single,gctgatacctacttatggtacattattgtgaat,0,gct,1
15,single,gcggatacctacttatggtacattattgtgaat,0,gcg,1
16,single,tatgatacctacttatggtacattattgtgaat,0,tat,1
17,single,taggatacctacttatggtacattattgtgaat,0,tag,1
18,single,catgatacctacttatggtacattattgtgaat,0,cat,1
19,single,caggatacctacttatggtacattattgtgaat,0,cag,1
20,single,aatgatacctacttatggtacattattgtgaat,0,aat,1
21,single,aaggatacctacttatggtacattattgtgaat,0,aag,1
22,single,gatgatacctacttatggtacattattgtgaat,0,gat,1
23,single,gaggatacctacttatggtacattattgtgaat,0,gag,1
24,single,tgtgatacctacttatggtacattattgtgaat,0,tgt,1
25,single,tgggatacctacttatggtacattattgtgaat,0,tgg,1
26,single,cgtgatacctacttatggtacattattgtgaat,0,cgt,1
27,single,cgggatacctacttatggtacattattgtgaat,0,cgg,1
28,single,agtgatacctacttatggtacattattgtgaat,0,agt,1
29,single,agggatacctacttatggtacattattgtgaat,0,agg,1
30,single,ggtgatacctacttatggtacattattgtgaat,0,ggt,1
31,single,ggggatacctacttatggtacattattgtgaat,0,ggg,1
32,single,ttgtttacctacttatggtacattattgtgaat,1,ttt,1
33,single,ttgttgacctacttatggtacattattgtgaat,1,ttg,1
34,single,ttgcttacctacttatggtacattattgtgaat,1,ctt,1
35,single,ttgctgacctacttatggtacattattgtgaat,1,ctg,1
36,single,ttgattacctacttatggtacattattgtgaat,1,att,1
37,single,ttgatgacctacttatggtacattattgtgaat,1,atg,1
38,single,ttggttacctacttatggtacattattgtgaat,1,gtt,1
39,single,ttggtgacctacttatggtacattattgtgaat,1,gtg,1
40,single,ttgtctacctacttatggtacattattgtgaat,1,tct,1
41,single,ttgtcgacctacttatggtacattattgtgaat,1,tcg,1
42,single,ttgcctacctacttatggtacattattgtgaat,1,cct,1
43,single,ttgccgacctacttatggtacattattgtgaat,1,ccg,1
44,single,ttgactacctacttatggtacattattgtgaat,1,act,1
45,single,ttgacgacctacttatggtacattattgtgaat,1,acg,1
46,single,ttggctacctacttatggtacattattgtgaat,1,gct,1
47,single,ttggcgacctacttatggtacattattgtgaat,1,gcg,1
48,single,ttgtatacctacttatggtacattattgtgaat,1,tat,1
49,single,ttgtagacctacttatggtacattattgtgaat,1,tag,1
50,single,ttgcatacctacttatggtacattattgtgaat,1,cat,1
51,single,ttgcagacctacttatggtacattattgtgaat,1,cag,1
52,single,ttgaatacctacttatggtacattattgtgaat,1,aat,1
53,single,ttgaagacctacttatggtacattattgtgaat,1,aag,1
54,single,ttggagacctacttatggtacattattgtgaat,1,gag,1
55,single,ttgtgtacctacttatggtacattattgtgaat,1,tgt,1
56,single,ttgtggacctacttatggtacattattgtgaat,1,tgg,1
57,single,ttgcgtacctacttatggtacattattgtgaat,1,cgt,1
58,single,ttgcggacctacttatggtacattattgtgaat,1,cgg,1
59,single,ttgagtacctacttatggtacattattgtgaat,1,agt,1
60,single,ttgaggacctacttatggtacattattgtgaat,1,agg,1
61,single,ttgggtacctacttatggtacattattgtgaat,1,ggt,1
62,single,ttggggacctacttatggtacattattgtgaat,1,ggg,1
63,single,ttggatttttacttatggtacattattgtgaat,2,ttt,1
64,single,ttggatttgtacttatggtacattattgtgaat,2,ttg,1
65,single,ttggatctttacttatggtacattattgtgaat,2,ctt,1
66,single,ttggatctgtacttatggtacattattgtgaat,2,ctg,1
67,single,ttggatatttacttatggtacattattgtgaat,2,att,1
68,single,ttggatatgtacttatggtacattattgtgaat,2,atg,1
69,single,ttggatgtttacttatggtacattattgtgaat,2,gtt,1
70,single,ttggatgtgtacttatggtacattattgtgaat,2,gtg,1
71,single,ttggattcttacttatggtacattattgtgaat,2,tct,1
72,single,ttggattcgtacttatggtacattattgtgaat,2,tcg,1
73,single,ttggatccttacttatggtacattattgtgaat,2,cct,1
74,single,ttggatccgtacttatggtacattattgtgaat,2,ccg,1
75,single,ttggatacttacttatggtacattattgtgaat,2,act,1
76,single,ttggatacgtacttatggtacattattgtgaat,2,acg,1
77,single,ttggatgcttacttatggtacattattgtgaat,2,gct,1
78,single,ttggatgcgtacttatggtacattattgtgaat,2,gcg,1
79,single,ttggattattacttatggtacattattgtgaat,2,tat,1
80,single,ttggattagtacttatggtacattattgtgaat,2,tag,1
81,single,ttggatcattacttatggtacattattgtgaat,2,cat,1
82,single,ttggatcagtacttatggtacattattgtgaat,2,cag,1
83,single,ttggataattacttatggtacattattgtgaat,2,aat,1
84,single,ttggataagtacttatggtacattattgtgaat,2,aag,1
85,single,ttggatgattacttatggtacattattgtgaat,2,gat,1
86,single,ttggatgagtacttatggtacattattgtgaat,2,gag,1
87,single,ttggattgttacttatggtacattattgtgaat,2,tgt,1
88,single,ttggattggtacttatggtacattattgtgaat,2,tgg,1
89,single,ttggatcgttacttatggtacattattgtgaat,2,cgt,1
90,single,ttggatcggtacttatggtacattattgtgaat,2,cgg,1
91,single,ttggatagttacttatggtacattattgtgaat,2,agt,1
92,single,ttggataggtacttatggtacattattgtgaat,2,agg,1
93,single,ttggatggttacttatggtacattattgtgaat,2,ggt,1
94,single,ttggatgggtacttatggtacattattgtgaat,2,ggg,1
95,single,ttggatacctttttatggtacattattgtgaat,3,ttt,1
96,single,ttggataccttgttatggtacattattgtgaat,3,ttg,1
97,single,ttggatacccttttatggtacattattgtgaat,3,ctt,1
98,single,ttggataccctgttatggtacattattgtgaat,3,ctg,1
99,single,ttggataccattttatggtacattattgtgaat,3,att,1
100,single,ttggataccatgttatggtacattattgtgaat,3,atg,1
101,single,ttggataccgttttatggtacattattgtgaat,3,gtt,1
102,single,ttggataccgtgttatggtacattattgtgaat,3,gtg,1
103,single,ttggatacctctttatggtacattattgtgaat,3,tct,1
104,single,ttggatacctcgttatggtacattattgtgaat,3,tcg,1
105,single,ttggatacccctttatggtacattattgtgaat,3,cct,1
106,single,ttggataccccgttatggtacattattgtgaat,3,ccg,1
107,single,ttggataccactttatggtacattattgtgaat,3,act,1
108,single,ttggataccacgttatggtacattattgtgaat,3,acg,1
109,single,ttggataccgctttatggtacattattgtgaat,3,gct,1
110,single,ttggataccgcgttatggtacattattgtgaat,3,gcg,1
111,single,ttggatacctatttatggtacattattgtgaat,3,tat,1
112,single,ttggatacctagttatggtacattattgtgaat,3,tag,1
113,single,ttggatacccatttatggtacattattgtgaat,3,cat,1
114,single,ttggatacccagttatggtacattattgtgaat,3,cag,1
115,single,ttggataccaatttatggtacattattgtgaat,3,aat,1
116,single,ttggataccaagttatggtacattattgtgaat,3,aag,1
117,single,ttggataccgatttatggtacattattgtgaat,3,gat,1
118,single,ttggataccgagttatggtacattattgtgaat,3,gag,1
119,single,ttggatacctgtttatggtacattattgtgaat,3,tgt,1
120,single,ttggatacctggttatggtacattattgtgaat,3,tgg,1
121,single,ttggatacccgtttatggtacattattgtgaat,3,cgt,1
122,single,ttggatacccggttatggtacattattgtgaat,3,cgg,1
123,single,ttggataccagtttatggtacattattgtgaat,3,agt,1
124,single,ttggataccaggttatggtacattattgtgaat,3,agg,1
125,single,ttggataccggtttatggtacattattgtgaat,3,ggt,1
126,single,ttggataccgggttatggtacattattgtgaat,3,ggg,1
127,single,ttggatacctacttttggtacattattgtgaat,4,ttt,1
128,single,ttggatacctacttgtggtacattattgtgaat,4,ttg,1
129,single,ttggatacctacctttggtacattattgtgaat,4,ctt,1
130,single,ttggatacctacctgtggtacattattgtgaat,4,ctg,1
131,single,ttggatacctacatttggtacattattgtgaat,4,att,1
132,single,ttggatacctacatgtggtacattattgtgaat,4,atg,1
133,single,ttggatacctacgtttggtacattattgtgaat,4,gtt,1
134,single,ttggatacctacgtgtggtacattattgtgaat,4,gtg,1
135,single,ttggatacctactcttggtacattattgtgaat,4,tct,1
136,single,ttggatacctactcgtggtacattattgtgaat,4,tcg,1
137,single,ttggatacctacccttggtacattattgtgaat,4,cct,1
138,single,ttggatacctacccgtggtacattattgtgaat,4,ccg,1
139,single,ttggatacctacacttggtacattattgtgaat,4,act,1
140,single,ttggatacctacacgtggtacattattgtgaat,4,acg,1
141,single,ttggatacctacgcttggtacattattgtgaat,4,gct,1
142,single,ttggatacctacgcgtggtacattattgtgaat,4,gcg,1
143,single,ttggatacctactattggtacattattgtgaat,4,tat,1
144,single,ttggatacctactagtggtacattattgtgaat,4,tag,1
145,single,ttggatacctaccattggtacattattgtgaat,4,cat,1
146,single,ttggatacctaccagtggtacattattgtgaat,4,cag,1
147,single,ttggatacctacaattggtacattattgtgaat,4,aat,1
148,single,ttggatacctacaagtggtacattattgtgaat,4,aag,1
149,single,ttggatacctacgattggtacattattgtgaat,4,gat,1
150,single,ttggatacctacgagtggtacattattgtgaat,4,gag,1
151,single,ttggatacctactgttggtacattattgtgaat,4,tgt,1
152,single,ttggatacctactggtggtacattattgtgaat,4,tgg,1
153,single,ttggatacctaccgttggtacattattgtgaat,4,cgt,1
154,single,ttggatacctaccggtggtacattattgtgaat,4,cgg,1
155,single,ttggatacctacagttggtacattattgtgaat,4,agt,1
156,single,ttggatacctacaggtggtacattattgtgaat,4,agg,1
157,single,ttggatacctacggttggtacattattgtgaat,4,ggt,1
158,single,ttggatacctacgggtggtacattattgtgaat,4,ggg,1
159,single,ttggatacctacttattttacattattgtgaat,5,ttt,1
160,single,ttggatacctacttattgtacattattgtgaat,5,ttg,1
161,single,ttggatacctacttactttacattattgtgaat,5,ctt,1
162,single,ttggatacctacttactgtacattattgtgaat,5,ctg,1
163,single,ttggatacctacttaatttacattattgtgaat,5,att,1
164,single,ttggatacctacttaatgtacattattgtgaat,5,atg,1
165,single,ttggatacctacttagtttacattattgtgaat,5,gtt,1
166,single,ttggatacctacttagtgtacattattgtgaat,5,gtg,1
167,single,ttggatacctacttatcttacattattgtgaat,5,tct,1
168,single,ttggatacctacttatcgtacattattgtgaat,5,tcg,1
169,single,ttggatacctacttaccttacattattgtgaat,5,cct,1
170,single,ttggatacctacttaccgtacattattgtgaat,5,ccg,1
171,single,ttggatacctacttaacttacattattgtgaat,5,act,1
172,single,ttggatacctacttaacgtacattattgtgaat,5,acg,1
173,single,ttggatacctacttagcttacattattgtgaat,5,gct,1
174,single,ttggatacctacttagcgtacattattgtgaat,5,gcg,1
175,single,ttggatacctacttatattacattattgtgaat,5,tat,1
176,single,ttggatacctacttatagtacattattgtgaat,5,tag,1
177,single,ttggatacctacttacattacattattgtgaat,5,cat,1
178,single,ttggatacctacttacagtacattattgtgaat,5,cag,1
179,single,ttggatacctacttaaattacattattgtgaat,5,aat,1
180,single,ttggatacctacttaaagtacattattgtgaat,5,aag,1
181,single,ttggatacctacttagattacattattgtgaat,5,gat,1
182,single,ttggatacctacttagagtacattattgtgaat,5,gag,1
183,single,ttggatacctacttatgttacattattgtgaat,5,tgt,1
184,single,ttggatacctacttacgttacattattgtgaat,5,cgt,1
185,single,ttggatacctacttacggtacattattgtgaat,5,cgg,1
186,single,ttggatacctacttaagttacattattgtgaat,5,agt,1
187,single,ttggatacctacttaaggtacattattgtgaat,5,agg,1
188,single,ttggatacctacttaggttacattattgtgaat,5,ggt,1
189,single,ttggatacctacttagggtacattattgtgaat,5,ggg,1
190,single,ttggatacctacttatggtttattattgtgaat,6,ttt,1
191,single,ttggatacctacttatggttgattattgtgaat,6,ttg,1
192,single,ttggatacctacttatggcttattattgtgaat,6,ctt,1
193,single,ttggatacctacttatggctgattattgtgaat,6,ctg,1
194,single,ttggatacctacttatggattattattgtgaat,6,att,1
195,single,ttggatacctacttatggatgattattgtgaat,6,atg,1
196,single,ttggatacctacttatgggttattattgtgaat,6,gtt,1
197,single,ttggatacctacttatgggtgattattgtgaat,6,gtg,1
198,single,ttggatacctacttatggtctattattgtgaat,6,tct,1
199,single,ttggatacctacttatggtcgattattgtgaat,6,tcg,1
200,single,ttggatacctacttatggcctattattgtgaat,6,cct,1
201,single,ttggatacctacttatggccgattattgtgaat,6,ccg,1
202,single,ttggatacctacttatggactattattgtgaat,6,act,1
203,single,ttggatacctacttatggacgattattgtgaat,6,acg,1
204,single,ttggatacctacttatgggctattattgtgaat,6,gct,1
205,single,ttggatacctacttatgggcgattattgtgaat,6,gcg,1
206,single,ttggatacctacttatggtatattattgtgaat,6,tat,1
207,single,ttggatacctacttatggtagattattgtgaat,6,tag,1
208,single,ttggatacctacttatggcatattattgtgaat,6,cat,1
209,single,ttggatacctacttatggcagattattgtgaat,6,cag,1
210,single,ttggatacctacttatggaatattattgtgaat,6,aat,1
211,single,ttggatacctacttatggaagattattgtgaat,6,aag,1
212,single,ttggatacctacttatgggatattattgtgaat,6,gat,1
213,single,ttggatacctacttatgggagattattgtgaat,6,gag,1
214,single,ttggatacctacttatggtgtattattgtgaat,6,tgt,1
215,single,ttggatacctacttatggtggattattgtgaat,6,tgg,1
216,single,ttggatacctacttatggcgtattattgtgaat,6,cgt,1
217,single,ttggatacctacttatggcggattattgtgaat,6,cgg,1
218,single,ttggatacctacttatggagtattattgtgaat,6,agt,1
219,single,ttggatacctacttatggaggattattgtgaat,6,agg,1
220,single,ttggatacctacttatggggtattattgtgaat,6,ggt,1
221,single,ttggatacctacttatgggggattattgtgaat,6,ggg,1
222,single,ttggatacctacttatggtactttattgtgaat,7,ttt,1
223,single,ttggatacctacttatggtacttgattgtgaat,7,ttg,1
224,single,ttggatacctacttatggtaccttattgtgaat,7,ctt,1
225,single,ttggatacctacttatggtacctgattgtgaat,7,ctg,1
226,single,ttggatacctacttatggtacatgattgtgaat,7,atg,1
227,single,ttggatacctacttatggtacgttattgtgaat,7,gtt,1
228,single,ttggatacctacttatggtacgtgattgtgaat,7,gtg,1
229,single,ttggatacctacttatggtactctattgtgaat,7,tct,1
230,single,ttggatacctacttatggtactcgattgtgaat,7,tcg,1
231,single,ttggatacctacttatggtaccctattgtgaat,7,cct,1
232,single,ttggatacctacttatggtacccgattgtgaat,7,ccg,1
233,single,ttggatacctacttatggtacactattgtgaat,7,act,1
234,single,ttggatacctacttatggtacacgattgtgaat,7,acg,1
235,single,ttggatacctacttatggtacgctattgtgaat,7,gct,1
236,single,ttggatacctacttatggtacgcgattgtgaat,7,gcg,1
237,single,ttggatacctacttatggtactatattgtgaat,7,tat,1
238,single,ttggatacctacttatggtactagattgtgaat,7,tag,1
239,single,ttggatacctacttatggtaccatattgtgaat,7,cat,1
240,single,ttggatacctacttatggtaccagattgtgaat,7,cag,1
241,single,ttggatacctacttatggtacaatattgtgaat,7,aat,1
242,single,ttggatacctacttatggtacaagattgtgaat,7,aag,1
243,single,ttggatacctacttatggtacgatattgtgaat,7,gat,1
244,single,ttggatacctacttatggtacgagattgtgaat,7,gag,1
245,single,ttggatacctacttatggtactgtattgtgaat,7,tgt,1
246,single,ttggatacctacttatggtactggattgtgaat,7,tgg,1
247,single,ttggatacctacttatggtaccgtattgtgaat,7,cgt,1
248,single,ttggatacctacttatggtaccggattgtgaat,7,cgg,1
249,single,ttggatacctacttatggtacagtattgtgaat,7,agt,1
250,single,ttggatacctacttatggtacaggattgtgaat,7,agg,1
251,single,ttggatacctacttatggtacggtattgtgaat,7,ggt,1
252,single,ttggatacctacttatggtacgggattgtgaat,7,ggg,1
253,single,ttggatacctacttatggtacatttttgtgaat,8,ttt,1
254,single,ttggatacctacttatggtacattttggtgaat,8,ttg,1
255,single,ttggatacctacttatggtacattcttgtgaat,8,ctt,1
256,single,ttggatacctacttatggtacattctggtgaat,8,ctg,1
257,single,ttggatacctacttatggtacattatggtgaat,8,atg,1
258,single,ttggatacctacttatggtacattgttgtgaat,8,gtt,1
259,single,ttggatacctacttatggtacattgtggtgaat,8,gtg,1
260,single,ttggatacctacttatggtacatttctgtgaat,8,tct,1
261,single,ttggatacctacttatggtacatttcggtgaat,8,tcg,1
262,single,ttggatacctacttatggtacattcctgtgaat,8,cct,1
263,single,ttggatacctacttatggtacattccggtgaat,8,ccg,1
264,single,ttggatacctacttatggtacattactgtgaat,8,act,1
265,single,ttggatacctacttatggtacattacggtgaat,8,acg,1
266,single,ttggatacctacttatggtacattgctgtgaat,8,gct,1
267,single,ttggatacctacttatggtacattgcggtgaat,8,gcg,1
268,single,ttggatacctacttatggtacatttatgtgaat,8,tat,1
269,single,ttggatacctacttatggtacatttaggtgaat,8,tag,1
270,single,ttggatacctacttatggtacattcatgtgaat,8,cat,1
271,single,ttggatacctacttatggtacattcaggtgaat,8,cag,1
272,single,ttggatacctacttatggtacattaatgtgaat,8,aat,1
273,single,ttggatacctacttatggtacattaaggtgaat,8,aag,1
274,single,ttggatacctacttatggtacattgatgtgaat,8,gat,1
275,single,ttggatacctacttatggtacattgaggtgaat,8,gag,1
276,single,ttggatacctacttatggtacatttgtgtgaat,8,tgt,1
277,single,ttggatacctacttatggtacatttgggtgaat,8,tgg,1
278,single,ttggatacctacttatggtacattcgtgtgaat,8,cgt,1
279,single,ttggatacctacttatggtacattcgggtgaat,8,cgg,1
280,single,ttggatacctacttatggtacattagtgtgaat,8,agt,1
281,single,ttggatacctacttatggtacattagggtgaat,8,agg,1
282,single,ttggatacctacttatggtacattggtgtgaat,8,ggt,1
283,single,ttggatacctacttatggtacattggggtgaat,8,ggg,1
284,single,ttggatacctacttatggtacattatttttaat,9,ttt,1
285,single,ttggatacctacttatggtacattattttgaat,9,ttg,1
286,single,ttggatacctacttatggtacattattcttaat,9,ctt,1
287,single,ttggatacctacttatggtacattattctgaat,9,ctg,1
288,single,ttggatacctacttatggtacattattattaat,9,att,1
289,single,ttggatacctacttatggtacattattatgaat,9,atg,1
290,single,ttggatacctacttatggtacattattgttaat,9,gtt,1
291,single,ttggatacctacttatggtacattatttctaat,9,tct,1
292,single,ttggatacctacttatggtacattatttcgaat,9,tcg,1
293,single,ttggatacctacttatggtacattattcctaat,9,cct,1
294,single,ttggatacctacttatggtacattattccgaat,9,ccg,1
295,single,ttggatacctacttatggtacattattactaat,9,act,1
296,single,ttggatacctacttatggtacattattacgaat,9,acg,1
297,single,ttggatacctacttatggtacattattgctaat,9,gct,1
298,single,ttggatacctacttatggtacattattgcgaat,9,gcg,1
299,single,ttggatacctacttatggtacattatttataat,9,tat,1
300,single,ttggatacctacttatggtacattatttagaat,9,tag,1
301,single,ttggatacctacttatggtacattattcataat,9,cat,1
302,single,ttggatacctacttatggtacattattcagaat,9,cag,1
303,single,ttggatacctacttatggtacattattaataat,9,aat,1
304,single,ttggatacctacttatggtacattattaagaat,9,aag,1
305,single,ttggatacctacttatggtacattattgataat,9,gat,1
306,single,ttggatacctacttatggtacattattgagaat,9,gag,1
307,single,ttggatacctacttatggtacattatttgtaat,9,tgt,1
308,single,ttggatacctacttatggtacattatttggaat,9,tgg,1
309,single,ttggatacctacttatggtacattattcgtaat,9,cgt,1
310,single,ttggatacctacttatggtacattattcggaat,9,cgg,1
311,single,ttggatacctacttatggtacattattagtaat,9,agt,1
312,single,ttggatacctacttatggtacattattaggaat,9,agg,1
313,single,ttggatacctacttatggtacattattggtaat,9,ggt,1
314,single,ttggatacctacttatggtacattattgggaat,9,ggg,1
315,single,ttggatacctacttatggtacattattgtgttt,10,ttt,1
316,single,ttggatacctacttatggtacattattgtgttg,10,ttg,1
317,single,ttggatacctacttatggtacattattgtgctt,10,ctt,1
318,single,ttggatacctacttatggtacattattgtgctg,10,ctg,1
319,single,ttggatacctacttatggtacattattgtgatt,10,att,1
320,single,ttggatacctacttatggtacattattgtgatg,10,atg,1
321,single,ttggatacctacttatggtacattattgtggtt,10,gtt,1
322,single,ttggatacctacttatggtacattattgtggtg,10,gtg,1
323,single,ttggatacctacttatggtacattattgtgtct,10,tct,1
324,single,ttggatacctacttatggtacattattgtgtcg,10,tcg,1
325,single,ttggatacctacttatggtacattattgtgcct,10,cct,1
326,single,ttggatacctacttatggtacattattgtgccg,10,ccg,1
327,single,ttggatacctacttatggtacattattgtgact,10,act,1
328,single,ttggatacctacttatggtacattattgtgacg,10,acg,1
329,single,ttggatacctacttatggtacattattgtggct,10,gct,1
330,single,ttggatacctacttatggtacattattgtggcg,10,gcg,1
331,single,ttggatacctacttatggtacattattgtgtat,10,tat,1
332,single,ttggatacctacttatggtacattattgtgtag,10,tag,1
333,single,ttggatacctacttatggtacattattgtgcat,10,cat,1
334,single,ttggatacctacttatggtacattattgtgcag,10,cag,1
335,single,ttggatacctacttatggtacattattgtgaag,10,aag,1
336,single,ttggatacctacttatggtacattattgtggat,10,gat,1
337,single,ttggatacctacttatggtacattattgtggag,10,gag,1
338,single,ttggatacctacttatggtacattattgtgtgt,10,tgt,1
339,single,ttggatacctacttatggtacattattgtgtgg,10,tgg,1
340,single,ttggatacctacttatggtacattattgtgcgt,10,cgt,1
341,single,ttggatacctacttatggtacattattgtgcgg,10,cgg,1
342,single,ttggatacctacttatggtacattattgtgagt,10,agt,1
343,single,ttggatacctacttatggtacattattgtgagg,10,agg,1
344,single,ttggatacctacttatggtacattattgtgggt,10,ggt,1
345,single,ttggatacctacttatggtacattattgtgggg,10,ggg,1
346,ortho,atggatattcaaatttggtatgctatttattct,0,atg,1
347,ortho,atggatattcaaatttggtatgctatttattct,2,att,2
348,ortho,atggatattcaaatttggtatgctatttattct,3,caa,3
349,ortho,atggatattcaaatttggtatgctatttattct,4,att,4
350,ortho,atggatattcaaatttggtatgctatttattct,6,tat,5
351,ortho,atggatattcaaatttggtatgctatttattct,7,gct,6
352,ortho,atggatattcaaatttggtatgctatttattct,9,tat,7
353,ortho,atggatattcaaatttggtatgctatttattct,10,tct,8
354,ortho,atggatttgcaaatttggtattctatttattct,0,atg,1
355,ortho,atggatttgcaaatttggtattctatttattct,2,ttg,2
356,ortho,atggatttgcaaatttggtattctatttattct,3,caa,3
357,ortho,atggatttgcaaatttggtattctatttattct,4,att,4
358,ortho,atggatttgcaaatttggtattctatttattct,6,tat,5
359,ortho,atggatttgcaaatttggtattctatttattct,7,tct,6
360,ortho,atggatttgcaaatttggtattctatttattct,9,tat,7
361,ortho,atggatttgcaaatttggtattctatttattct,10,tct,8
362,ortho,ttggatacttatttgtggtatgttgtttggtct,2,act,1
363,ortho,ttggatacttatttgtggtatgttgtttggtct,3,tat,2
364,ortho,ttggatacttatttgtggtatgttgtttggtct,4,ttg,3
365,ortho,ttggatacttatttgtggtatgttgtttggtct,6,tat,4
366,ortho,ttggatacttatttgtggtatgttgtttggtct,7,gtt,5
367,ortho,ttggatacttatttgtggtatgttgtttggtct,8,gtt,6
368,ortho,ttggatacttatttgtggtatgttgtttggtct,9,tgg,7
369,ortho,ttggatacttatttgtggtatgttgtttggtct,10,tct,8
370,ortho,ttggatacttatttgtggtatgttatttggaat,2,act,1
371,ortho,ttggatacttatttgtggtatgttatttggaat,3,tat,2
372,ortho,ttggatacttatttgtggtatgttatttggaat,4,ttg,3
373,ortho,ttggatacttatttgtggtatgttatttggaat,6,tat,4
374,ortho,ttggatacttatttgtggtatgttatttggaat,7,gtt,5
375,ortho,ttggatacttatttgtggtatgttatttggaat,9,tgg,6
376,ortho,ttggattcttatttgtggtatatgttggtttgt,2,tct,1
377,ortho,ttggattcttatttgtggtatatgttggtttgt,3,tat,2
378,ortho,ttggattcttatttgtggtatatgttggtttgt,4,ttg,3
379,ortho,ttggattcttatttgtggtatatgttggtttgt,6,tat,4
380,ortho,ttggattcttatttgtggtatatgttggtttgt,7,atg,5
381,ortho,ttggattcttatttgtggtatatgttggtttgt,8,ttg,6
382,ortho,ttggattcttatttgtggtatatgttggtttgt,9,gtt,7
383,ortho,ttggattcttatttgtggtatatgttggtttgt,10,tgt,8
384,ortho,ttggatacttatttgtggtatatgttgatttct,2,act,1
385,ortho,ttggatacttatttgtggtatatgttgatttct,3,tat,2
386,ortho,ttggatacttatttgtggtatatgttgatttct,4,ttg,3
387,ortho,ttggatacttatttgtggtatatgttgatttct,6,tat,4
388,ortho,ttggatacttatttgtggtatatgttgatttct,7,atg,5
389,ortho,ttggatacttatttgtggtatatgttgatttct,8,ttg,6
390,ortho,ttggatacttatttgtggtatatgttgatttct,9,att,7
391,ortho,ttggatacttatttgtggtatatgttgatttct,10,tct,8
392,ortho,ttggatacttatttgtggtatgttgtttggaat,2,act,1
393,ortho,ttggatacttatttgtggtatgttgtttggaat,3,tat,2
394,ortho,ttggatacttatttgtggtatgttgtttggaat,4,ttg,3
395,ortho,ttggatacttatttgtggtatgttgtttggaat,6,tat,4
396,ortho,ttggatacttatttgtggtatgttgtttggaat,7,gtt,5
397,ortho,ttggatacttatttgtggtatgttgtttggaat,8,gtt,6
398,ortho,ttggatacttatttgtggtatgttgtttggaat,9,tgg,7
399,ortho,ttggatacttatttgtggtatattatttggaat,2,act,1
400,ortho,ttggatacttatttgtggtatattatttggaat,3,tat,2
401,ortho,ttggatacttatttgtggtatattatttggaat,4,ttg,3
402,ortho,ttggatacttatttgtggtatattatttggaat,6,tat,4
403,ortho,ttggatacttatttgtggtatattatttggaat,9,tgg,5
404,ortho,ttggatacttatttgtggtatattttgattggt,2,act,1
405,ortho,ttggatacttatttgtggtatattttgattggt,3,tat,2
406,ortho,ttggatacttatttgtggtatattttgattggt,4,ttg,3
407,ortho,ttggatacttatttgtggtatattttgattggt,6,tat,4
408,ortho,ttggatacttatttgtggtatattttgattggt,8,ttg,5
409,ortho,ttggatacttatttgtggtatattttgattggt,9,att,6
410,ortho,ttggatacttatttgtggtatattttgattggt,10,ggt,7
411,ortho,ttggatacttatttgtggtatattttgatttct,2,act,1
412,ortho,ttggatacttatttgtggtatattttgatttct,3,tat,2
413,ortho,ttggatacttatttgtggtatattttgatttct,4,ttg,3
414,ortho,ttggatacttatttgtggtatattttgatttct,6,tat,4
415,ortho,ttggatacttatttgtggtatattttgatttct,8,ttg,5
416,ortho,ttggatacttatttgtggtatattttgatttct,9,att,6
417,ortho,ttggatacttatttgtggtatattttgatttct,10,tct,7
418,ortho,ttggatacttttttgtggtatattatttggaat,2,act,1
419,ortho,ttggatacttttttgtggtatattatttggaat,3,ttt,2
420,ortho,ttggatacttttttgtggtatattatttggaat,4,ttg,3
421,ortho,ttggatacttttttgtggtatattatttggaat,6,tat,4
422,ortho,ttggatacttttttgtggtatattatttggaat,9,tgg,5
423,ortho,ttggatacttatttgtggtatattatttgggtt,2,act,1
424,ortho,ttggatacttatttgtggtatattatttgggtt,3,tat,2
425,ortho,ttggatacttatttgtggtatattatttgggtt,4,ttg,3
426,ortho,ttggatacttatttgtggtatattatttgggtt,6,tat,4
427,ortho,ttggatacttatttgtggtatattatttgggtt,9,tgg,5
428,ortho,ttggatacttatttgtggtatattatttgggtt,10,gtt,6
429,ortho,ttggatacttatttgtggtatattatttggatt,2,act,1
430,ortho,ttggatacttatttgtggtatattatttggatt,3,tat,2
431,ortho,ttggatacttatttgtggtatattatttggatt,4,ttg,3
432,ortho,ttggatacttatttgtggtatattatttggatt,6,tat,4
433,ortho,ttggatacttatttgtggtatattatttggatt,9,tgg,5
434,ortho,ttggatacttatttgtggtatattatttggatt,10,att,6
435,ortho,ttggatacttttttgtggtatgttatttggaat,2,act,1
436,ortho,ttggatacttttttgtggtatgttatttggaat,3,ttt,2
437,ortho,ttggatacttttttgtggtatgttatttggaat,4,ttg,3
438,ortho,ttggatacttttttgtggtatgttatttggaat,6,tat,4
439,ortho,ttggatacttttttgtggtatgttatttggaat,7,gtt,5
440,ortho,ttggatacttttttgtggtatgttatttggaat,9,tgg,6
441,ortho,ttggatacttatttgtggtatattatttttaat,2,act,1
442,ortho,ttggatacttatttgtggtatattatttttaat,3,tat,2
443,ortho,ttggatacttatttgtggtatattatttttaat,4,ttg,3
444,ortho,ttggatacttatttgtggtatattatttttaat,6,tat,4
445,ortho,ttggatacttatttgtggtatattatttttaat,9,ttt,5
446,ortho,ttggattcttatttgtggtatgttatttttaat,2,tct,1
447,ortho,ttggattcttatttgtggtatgttatttttaat,3,tat,2
448,ortho,ttggattcttatttgtggtatgttatttttaat,4,ttg,3
449,ortho,ttggattcttatttgtggtatgttatttttaat,6,tat,4
450,ortho,ttggattcttatttgtggtatgttatttttaat,7,gtt,5
451,ortho,ttggattcttatttgtggtatgttatttttaat,9,ttt,6
452,ortho,ttggatacttatttgtggtatgttattgttaat,2,act,1
453,ortho,ttggatacttatttgtggtatgttattgttaat,3,tat,2
454,ortho,ttggatacttatttgtggtatgttattgttaat,4,ttg,3
455,ortho,ttggatacttatttgtggtatgttattgttaat,6,tat,4
456,ortho,ttggatacttatttgtggtatgttattgttaat,7,gtt,5
457,ortho,ttggatacttatttgtggtatgttattgttaat,9,gtt,6
458,ortho,ttggatacttatatgtggtatattgtttgtaat,2,act,1
459,ortho,ttggatacttatatgtggtatattgtttgtaat,3,tat,2
460,ortho,ttggatacttatatgtggtatattgtttgtaat,4,atg,3
461,ortho,ttggatacttatatgtggtatattgtttgtaat,6,tat,4
462,ortho,ttggatacttatatgtggtatattgtttgtaat,8,gtt,5
463,ortho,ttggatacttatatgtggtatattgtttgtaat,9,tgt,6
464,ortho,ttggatacttttatgtggtatgttatttgtaat,2,act,1
465,ortho,ttggatacttttatgtggtatgttatttgtaat,3,ttt,2
466,ortho,ttggatacttttatgtggtatgttatttgtaat,4,atg,3
467,ortho,ttggatacttttatgtggtatgttatttgtaat,6,tat,4
468,ortho,ttggatacttttatgtggtatgttatttgtaat,7,gtt,5
469,ortho,ttggatacttttatgtggtatgttatttgtaat,9,tgt,6
470,ortho,ttggatacttatttgtggtatgttttggttaat,2,act,1
471,ortho,ttggatacttatttgtggtatgttttggttaat,3,tat,2
472,ortho,ttggatacttatttgtggtatgttttggttaat,4,ttg,3
473,ortho,ttggatacttatttgtggtatgttttggttaat,6,tat,4
474,ortho,ttggatacttatttgtggtatgttttggttaat,7,gtt,5
475,ortho,ttggatacttatttgtggtatgttttggttaat,8,ttg,6
476,ortho,ttggatacttatttgtggtatgttttggttaat,9,gtt,7
477,ortho,ttggatacttatttgtggtatattttgtgtaat,2,act,1
478,ortho,ttggatacttatttgtggtatattttgtgtaat,3,tat,2
479,ortho,ttggatacttatttgtggtatattttgtgtaat,4,ttg,3
480,ortho,ttggatacttatttgtggtatattttgtgtaat,6,tat,4
481,ortho,ttggatacttatttgtggtatattttgtgtaat,8,ttg,5
482,ortho,ttggatacttatttgtggtatattttgtgtaat,9,tgt,6
483,ortho,ttggatacttatttgtggtatattttggttaat,2,act,1
484,ortho,ttggatacttatttgtggtatattttggttaat,3,tat,2
485,ortho,ttggatacttatttgtggtatattttggttaat,4,ttg,3
486,ortho,ttggatacttatttgtggtatattttggttaat,6,tat,4
487,ortho,ttggatacttatttgtggtatattttggttaat,8,ttg,5
488,ortho,ttggatacttatttgtggtatattttggttaat,9,gtt,6
489,ortho,ttggatacttatttgtggtatattattgttaat,2,act,1
490,ortho,ttggatacttatttgtggtatattattgttaat,3,tat,2
491,ortho,ttggatacttatttgtggtatattattgttaat,4,ttg,3
492,ortho,ttggatacttatttgtggtatattattgttaat,6,tat,4
493,ortho,ttggatacttatttgtggtatattattgttaat,9,gtt,5
494,ortho,ttggatacttatttgtggtatattgttgttaat,2,act,1
495,ortho,ttggatacttatttgtggtatattgttgttaat,3,tat,2
496,ortho,ttggatacttatttgtggtatattgttgttaat,4,ttg,3
497,ortho,ttggatacttatttgtggtatattgttgttaat,6,tat,4
498,ortho,ttggatacttatttgtggtatattgttgttaat,8,gtt,5
499,ortho,ttggatacttatttgtggtatattgttgttaat,9,gtt,6
500,ortho,ttggatacttatatgtggtatattttgtgtaat,2,act,1
501,ortho,ttggatacttatatgtggtatattttgtgtaat,3,tat,2
502,ortho,ttggatacttatatgtggtatattttgtgtaat,4,atg,3
503,ortho,ttggatacttatatgtggtatattttgtgtaat,6,tat,4
504,ortho,ttggatacttatatgtggtatattttgtgtaat,8,ttg,5
505,ortho,ttggatacttatatgtggtatattttgtgtaat,9,tgt,6
506,ortho,ttggatacttatatgtggtggattattgttaat,2,act,1
507,ortho,ttggatacttatatgtggtggattattgttaat,3,tat,2
508,ortho,ttggatacttatatgtggtggattattgttaat,4,atg,3
509,ortho,ttggatacttatatgtggtggattattgttaat,6,tgg,4
510,ortho,ttggatacttatatgtggtggattattgttaat,9,gtt,5
511,ortho,ttggatacttatatgtggtatattatttgtaat,2,act,1
512,ortho,ttggatacttatatgtggtatattatttgtaat,3,tat,2
513,ortho,ttggatacttatatgtggtatattatttgtaat,4,atg,3
514,ortho,ttggatacttatatgtggtatattatttgtaat,6,tat,4
515,ortho,ttggatacttatatgtggtatattatttgtaat,9,tgt,5
516,ortho,ttggatacttatttgtggtatattatttgtaat,2,act,1
517,ortho,ttggatacttatttgtggtatattatttgtaat,3,tat,2
518,ortho,ttggatacttatttgtggtatattatttgtaat,4,ttg,3
519,ortho,ttggatacttatttgtggtatattatttgtaat,6,tat,4
520,ortho,ttggatacttatttgtggtatattatttgtaat,9,tgt,5
521,ortho,ttggatacttatttgttttatgttttgtttaat,2,act,1
522,ortho,ttggatacttatttgttttatgttttgtttaat,3,tat,2
523,ortho,ttggatacttatttgttttatgttttgtttaat,4,ttg,3
524,ortho,ttggatacttatttgttttatgttttgtttaat,5,ttt,4
525,ortho,ttggatacttatttgttttatgttttgtttaat,6,tat,5
526,ortho,ttggatacttatttgttttatgttttgtttaat,7,gtt,6
527,ortho,ttggatacttatttgttttatgttttgtttaat,8,ttg,7
528,ortho,ttggatacttatttgttttatgttttgtttaat,9,ttt,8
529,ortho,ttggatacttatttgtggtatattattttgaat,2,act,1
530,ortho,ttggatacttatttgtggtatattattttgaat,3,tat,2
531,ortho,ttggatacttatttgtggtatattattttgaat,4,ttg,3
532,ortho,ttggatacttatttgtggtatattattttgaat,6,tat,4
533,ortho,ttggatacttatttgtggtatattattttgaat,9,ttg,5
534,ortho,ttggatacttatttgtggtatgttatttgtaat,2,act,1
535,ortho,ttggatacttatttgtggtatgttatttgtaat,3,tat,2
536,ortho,ttggatacttatttgtggtatgttatttgtaat,4,ttg,3
537,ortho,ttggatacttatttgtggtatgttatttgtaat,6,tat,4
538,ortho,ttggatacttatttgtggtatgttatttgtaat,7,gtt,5
539,ortho,ttggatacttatttgtggtatgttatttgtaat,9,tgt,6
540,ortho,ttggatacttatttgttttatgttttggttaat,2,act,1
541,ortho,ttggatacttatttgttttatgttttggttaat,3,tat,2
542,ortho,ttggatacttatttgttttatgttttggttaat,4,ttg,3
543,ortho,ttggatacttatttgttttatgttttggttaat,5,ttt,4
544,ortho,ttggatacttatttgttttatgttttggttaat,6,tat,5
545,ortho,ttggatacttatttgttttatgttttggttaat,7,gtt,6
546,ortho,ttggatacttatttgttttatgttttggttaat,8,ttg,7
547,ortho,ttggatacttatttgttttatgttttggttaat,9,gtt,8
548,ortho,ttggatacttatttgttttatattttgattaat,2,act,1
549,ortho,ttggatacttatttgttttatattttgattaat,3,tat,2
550,ortho,ttggatacttatttgttttatattttgattaat,4,ttg,3
551,ortho,ttggatacttatttgttttatattttgattaat,5,ttt,4
552,ortho,ttggatacttatttgttttatattttgattaat,6,tat,5
553,ortho,ttggatacttatttgttttatattttgattaat,8,ttg,6
554,ortho,ttggatacttatttgttttatattttgattaat,9,att,7
555,ortho,ttggatacttatttgtggtatattattattaat,2,act,1
556,ortho,ttggatacttatttgtggtatattattattaat,3,tat,2
557,ortho,ttggatacttatttgtggtatattattattaat,4,ttg,3
558,ortho,ttggatacttatttgtggtatattattattaat,6,tat,4
559,ortho,ttggatacttatttgtggtatattattattaat,9,att,5
560,ortho,ttggatacttatatgtggtatattattttgaat,2,act,1
561,ortho,ttggatacttatatgtggtatattattttgaat,3,tat,2
562,ortho,ttggatacttatatgtggtatattattttgaat,4,atg,3
563,ortho,ttggatacttatatgtggtatattattttgaat,6,tat,4
564,ortho,ttggatacttatatgtggtatattattttgaat,9,ttg,5
565,ortho,ttggatacttttatgtggtatattattatgaat,2,act,1
566,ortho,ttggatacttttatgtggtatattattatgaat,3,ttt,2
567,ortho,ttggatacttttatgtggtatattattatgaat,4,atg,3
568,ortho,ttggatacttttatgtggtatattattatgaat,6,tat,4
569,ortho,ttggatacttttatgtggtatattattatgaat,9,atg,5
570,ortho,ttggatacttttttgtggtatattttgttgaat,2,act,1
571,ortho,ttggatacttttttgtggtatattttgttgaat,3,ttt,2
572,ortho,ttggatacttttttgtggtatattttgttgaat,4,ttg,3
573,ortho,ttggatacttttttgtggtatattttgttgaat,6,tat,4
574,ortho,ttggatacttttttgtggtatattttgttgaat,8,ttg,5
575,ortho,ttggatacttttttgtggtatattttgttgaat,9,ttg,6
576,ortho,ttggatacttttttgtggtatattattatgaat,2,act,1
577,ortho,ttggatacttttttgtggtatattattatgaat,3,ttt,2
578,ortho,ttggatacttttttgtggtatattattatgaat,4,ttg,3
579,ortho,ttggatacttttttgtggtatattattatgaat,6,tat,4
580,ortho,ttggatacttttttgtggtatattattatgaat,9,atg,5
581,ortho,ttggatacttttttgtggtatattattttgaat,2,act,1
582,ortho,ttggatacttttttgtggtatattattttgaat,3,ttt,2
583,ortho,ttggatacttttttgtggtatattattttgaat,4,ttg,3
584,ortho,ttggatacttttttgtggtatattattttgaat,6,tat,4
585,ortho,ttggatacttttttgtggtatattattttgaat,9,ttg,5
586,ortho,ttggattcttatttgtggtatattattttgaat,2,tct,1
587,ortho,ttggattcttatttgtggtatattattttgaat,3,tat,2
588,ortho,ttggattcttatttgtggtatattattttgaat,4,ttg,3
589,ortho,ttggattcttatttgtggtatattattttgaat,6,tat,4
590,ortho,ttggattcttatttgtggtatattattttgaat,9,ttg,5
591,ortho,ttggattcttatttgtggtatgttatttgtaat,2,tct,1
592,ortho,ttggattcttatttgtggtatgttatttgtaat,3,tat,2
593,ortho,ttggattcttatttgtggtatgttatttgtaat,4,ttg,3
594,ortho,ttggattcttatttgtggtatgttatttgtaat,6,tat,4
595,ortho,ttggattcttatttgtggtatgttatttgtaat,7,gtt,5
596,ortho,ttggattcttatttgtggtatgttatttgtaat,9,tgt,6
597,ortho,ttggattcttatttgtggtatattatttgtaat,2,tct,1
598,ortho,ttggattcttatttgtggtatattatttgtaat,3,tat,2
599,ortho,ttggattcttatttgtggtatattatttgtaat,4,ttg,3
600,ortho,ttggattcttatttgtggtatattatttgtaat,6,tat,4
601,ortho,ttggattcttatttgtggtatattatttgtaat,9,tgt,5
602,ortho,ttggatacttatttgtgttatgttattttgaat,2,act,1
603,ortho,ttggatacttatttgtgttatgttattttgaat,3,tat,2
604,ortho,ttggatacttatttgtgttatgttattttgaat,4,ttg,3
605,ortho,ttggatacttatttgtgttatgttattttgaat,5,tgt,4
606,ortho,ttggatacttatttgtgttatgttattttgaat,6,tat,5
607,ortho,ttggatacttatttgtgttatgttattttgaat,7,gtt,6
608,ortho,ttggatacttatttgtgttatgttattttgaat,9,ttg,7
609,ortho,ttggatacttatttgtggtatattattttgaaa,2,act,1
610,ortho,ttggatacttatttgtggtatattattttgaaa,3,tat,2
611,ortho,ttggatacttatttgtggtatattattttgaaa,4,ttg,3
612,ortho,ttggatacttatttgtggtatattattttgaaa,6,tat,4
613,ortho,ttggatacttatttgtggtatattattttgaaa,9,ttg,5
614,ortho,ttggatacttatttgtggtatattattttgaaa,10,aaa,6
615,ortho,ttggatacttatttgtggtatattattatgaat,2,act,1
616,ortho,ttggatacttatttgtggtatattattatgaat,3,tat,2
617,ortho,ttggatacttatttgtggtatattattatgaat,4,ttg,3
618,ortho,ttggatacttatttgtggtatattattatgaat,6,tat,4
619,ortho,ttggatacttatttgtggtatattattatgaat,9,atg,5
620,ortho,ttggattcttatttgtggtatattattgctaat,2,tct,1
621,ortho,ttggattcttatttgtggtatattattgctaat,3,tat,2
622,ortho,ttggattcttatttgtggtatattattgctaat,4,ttg,3
623,ortho,ttggattcttatttgtggtatattattgctaat,6,tat,4
624,ortho,ttggattcttatttgtggtatattattgctaat,9,gct,5
625,ortho,ttggatacttatttgtggtatgttattttgaat,2,act,1
626,ortho,ttggatacttatttgtggtatgttattttgaat,3,tat,2
627,ortho,ttggatacttatttgtggtatgttattttgaat,4,ttg,3
628,ortho,ttggatacttatttgtggtatgttattttgaat,6,tat,4
629,ortho,ttggatacttatttgtggtatgttattttgaat,7,gtt,5
630,ortho,ttggatacttatttgtggtatgttattttgaat,9,ttg,6
631,ortho,ttggatacttatttgtggtatgttttgactaat,2,act,1
632,ortho,ttggatacttatttgtggtatgttttgactaat,3,tat,2
633,ortho,ttggatacttatttgtggtatgttttgactaat,4,ttg,3
634,ortho,ttggatacttatttgtggtatgttttgactaat,6,tat,4
635,ortho,ttggatacttatttgtggtatgttttgactaat,7,gtt,5
636,ortho,ttggatacttatttgtggtatgttttgactaat,8,ttg,6
637,ortho,ttggatacttatttgtggtatgttttgactaat,9,act,7
638,ortho,ttggatacttatttgttttatgttttgttgaat,2,act,1
639,ortho,ttggatacttatttgttttatgttttgttgaat,3,tat,2
640,ortho,ttggatacttatttgttttatgttttgttgaat,4,ttg,3
641,ortho,ttggatacttatttgttttatgttttgttgaat,5,ttt,4
642,ortho,ttggatacttatttgttttatgttttgttgaat,6,tat,5
643,ortho,ttggatacttatttgttttatgttttgttgaat,7,gtt,6
644,ortho,ttggatacttatttgttttatgttttgttgaat,8,ttg,7
645,ortho,ttggatacttatttgttttatgttttgttgaat,9,ttg,8
646,ortho,ttggatacttatttgtggtatgttatttataat,2,act,1
647,ortho,ttggatacttatttgtggtatgttatttataat,3,tat,2
648,ortho,ttggatacttatttgtggtatgttatttataat,4,ttg,3
649,ortho,ttggatacttatttgtggtatgttatttataat,6,tat,4
650,ortho,ttggatacttatttgtggtatgttatttataat,7,gtt,5
651,ortho,ttggatacttatttgtggtatgttatttataat,9,tat,6
652,ortho,ttggatacttatttgtggtatgttttgattaat,2,act,1
653,ortho,ttggatacttatttgtggtatgttttgattaat,3,tat,2
654,ortho,ttggatacttatttgtggtatgttttgattaat,4,ttg,3
655,ortho,ttggatacttatttgtggtatgttttgattaat,6,tat,4
656,ortho,ttggatacttatttgtggtatgttttgattaat,7,gtt,5
657,ortho,ttggatacttatttgtggtatgttttgattaat,8,ttg,6
658,ortho,ttggatacttatttgtggtatgttttgattaat,9,att,7
659,ortho,ttggatacttatttgttttatgttattttgaat,2,act,1
660,ortho,ttggatacttatttgttttatgttattttgaat,3,tat,2
661,ortho,ttggatacttatttgttttatgttattttgaat,4,ttg,3
662,ortho,ttggatacttatttgttttatgttattttgaat,5,ttt,4
663,ortho,ttggatacttatttgttttatgttattttgaat,6,tat,5
664,ortho,ttggatacttatttgttttatgttattttgaat,7,gtt,6
665,ortho,ttggatacttatttgttttatgttattttgaat,9,ttg,7
666,ortho,ttggatacttatttgttttatgttttggctaat,2,act,1
667,ortho,ttggatacttatttgttttatgttttggctaat,3,tat,2
668,ortho,ttggatacttatttgttttatgttttggctaat,4,ttg,3
669,ortho,ttggatacttatttgttttatgttttggctaat,5,ttt,4
670,ortho,ttggatacttatttgttttatgttttggctaat,6,tat,5
671,ortho,ttggatacttatttgttttatgttttggctaat,7,gtt,6
672,ortho,ttggatacttatttgttttatgttttggctaat,8,ttg,7
673,ortho,ttggatacttatttgttttatgttttggctaat,9,gct,8
674,ortho,ttggatacttatttgtggtatgttttgttgaat,2,act,1
675,ortho,ttggatacttatttgtggtatgttttgttgaat,3,tat,2
676,ortho,ttggatacttatttgtggtatgttttgttgaat,4,ttg,3
677,ortho,ttggatacttatttgtggtatgttttgttgaat,6,tat,4
678,ortho,ttggatacttatttgtggtatgttttgttgaat,7,gtt,5
679,ortho,ttggatacttatttgtggtatgttttgttgaat,8,ttg,6
680,ortho,ttggatacttatttgtggtatgttttgttgaat,9,ttg,7
681,ortho,ttggatacttttttgttttatgttttgttgaat,2,act,1
682,ortho,ttggatacttttttgttttatgttttgttgaat,3,ttt,2
683,ortho,ttggatacttttttgttttatgttttgttgaat,4,ttg,3
684,ortho,ttggatacttttttgttttatgttttgttgaat,5,ttt,4
685,ortho,ttggatacttttttgttttatgttttgttgaat,6,tat,5
686,ortho,ttggatacttttttgttttatgttttgttgaat,7,gtt,6
687,ortho,ttggatacttttttgttttatgttttgttgaat,8,ttg,7
688,ortho,ttggatacttttttgttttatgttttgttgaat,9,ttg,8
689,ortho,ttggatacttatttgttttatgttttgattgct,2,act,1
690,ortho,ttggatacttatttgttttatgttttgattgct,3,tat,2
691,ortho,ttggatacttatttgttttatgttttgattgct,4,ttg,3
692,ortho,ttggatacttatttgttttatgttttgattgct,5,ttt,4
693,ortho,ttggatacttatttgttttatgttttgattgct,6,tat,5
694,ortho,ttggatacttatttgttttatgttttgattgct,7,gtt,6
695,ortho,ttggatacttatttgttttatgttttgattgct,8,ttg,7
696,ortho,ttggatacttatttgttttatgttttgattgct,9,att,8
697,ortho,ttggatacttatttgttttatgttttgattgct,10,gct,9
698,ortho,ttggatacttatttgttttatgttttgattaat,2,act,1
699,ortho,ttggatacttatttgttttatgttttgattaat,3,tat,2
700,ortho,ttggatacttatttgttttatgttttgattaat,4,ttg,3
701,ortho,ttggatacttatttgttttatgttttgattaat,5,ttt,4
702,ortho,ttggatacttatttgttttatgttttgattaat,6,tat,5
703,ortho,ttggatacttatttgttttatgttttgattaat,7,gtt,6
704,ortho,ttggatacttatttgttttatgttttgattaat,8,ttg,7
705,ortho,ttggatacttatttgttttatgttttgattaat,9,att,8
706,ortho,ttggatacttttttgtggtatgttttgttgaat,2,act,1
707,ortho,ttggatacttttttgtggtatgttttgttgaat,3,ttt,2
708,ortho,ttggatacttttttgtggtatgttttgttgaat,4,ttg,3
709,ortho,ttggatacttttttgtggtatgttttgttgaat,6,tat,4
710,ortho,ttggatacttttttgtggtatgttttgttgaat,7,gtt,5
711,ortho,ttggatacttttttgtggtatgttttgttgaat,8,ttg,6
712,ortho,ttggatacttttttgtggtatgttttgttgaat,9,ttg,7
713,ortho,ttggatacttttttgtggtatgttttgtttaat,2,act,1
714,ortho,ttggatacttttttgtggtatgttttgtttaat,3,ttt,2
715,ortho,ttggatacttttttgtggtatgttttgtttaat,4,ttg,3
716,ortho,ttggatacttttttgtggtatgttttgtttaat,6,tat,4
717,ortho,ttggatacttttttgtggtatgttttgtttaat,7,gtt,5
718,ortho,ttggatacttttttgtggtatgttttgtttaat,8,ttg,6
719,ortho,ttggatacttttttgtggtatgttttgtttaat,9,ttt,7
720,ortho,ttggatacttatttgtggtgggttttgttgaat,2,act,1
721,ortho,ttggatacttatttgtggtgggttttgttgaat,3,tat,2
722,ortho,ttggatacttatttgtggtgggttttgttgaat,4,ttg,3
723,ortho,ttggatacttatttgtggtgggttttgttgaat,6,tgg,4
724,ortho,ttggatacttatttgtggtgggttttgttgaat,7,gtt,5
725,ortho,ttggatacttatttgtggtgggttttgttgaat,8,ttg,6
726,ortho,ttggatacttatttgtggtgggttttgttgaat,9,ttg,7
727,ortho,ttggatacttatttgatgtatgttgttgttaat,2,act,1
728,ortho,ttggatacttatttgatgtatgttgttgttaat,3,tat,2
729,ortho,ttggatacttatttgatgtatgttgttgttaat,4,ttg,3
730,ortho,ttggatacttatttgatgtatgttgttgttaat,5,atg,4
731,ortho,ttggatacttatttgatgtatgttgttgttaat,6,tat,5
732,ortho,ttggatacttatttgatgtatgttgttgttaat,7,gtt,6
733,ortho,ttggatacttatttgatgtatgttgttgttaat,8,gtt,7
734,ortho,ttggatacttatttgatgtatgttgttgttaat,9,gtt,8
735,ortho,ttggatacttatttgtggtatgttttggctaat,2,act,1
736,ortho,ttggatacttatttgtggtatgttttggctaat,3,tat,2
737,ortho,ttggatacttatttgtggtatgttttggctaat,4,ttg,3
738,ortho,ttggatacttatttgtggtatgttttggctaat,6,tat,4
739,ortho,ttggatacttatttgtggtatgttttggctaat,7,gtt,5
740,ortho,ttggatacttatttgtggtatgttttggctaat,8,ttg,6
741,ortho,ttggatacttatttgtggtatgttttggctaat,9,gct,7
